{
  "origin_x": -29.19999885559082,
  "origin_y": -8.549995422363281,
  "width": 1051,
  "height": 428,
  "resolution": 0.05000000074505806,
  "data_size": 449828
}